ana.antonescu,Ana,ANTONESCU,aantonescu@me.com,ieCh3Gaigai3
marius.averescu,Marius-Adrian,AVERESCU,marius.averescu@me.com,peeka6eiph0A
elena.bogdan,Elena,BOGDAN,elena.bogdan@me.com,juif2Phaigh6
raluca.botescu,Raluca,BOTESCU,rbotescu@me.com,Ceegh1Och4Eh
alexandru.tomescu,Alexandru,TOMESCU,alexandru.tomescu@me.com,Eequequ9phie
constantin.voinescu,Constantin,VOINESCU,cv@me.com,oob6oc2Gidai
